"full_path","relative_path","type","extension","size_mb","description","depth","indent"
"/Users/jcrg/Documents/GitHub/BDML_PS03_Equipo_02/00_data","00_data","folder","",  0,"Carpeta contenedora de archivos y subdirectorios",0,""
"/Users/jcrg/Documents/GitHub/BDML_PS03_Equipo_02/00_data/00_raw","00_data/00_raw","folder","",  1.02NA,"Carpeta contenedora de archivos y subdirectorios",1,"  "
"/Users/jcrg/Documents/GitHub/BDML_PS03_Equipo_02/00_data/00_raw/00_competition","00_data/00_raw/00_competition","folder","",  0,"Carpeta contenedora de archivos y subdirectorios",2,"    "
"/Users/jcrg/Documents/GitHub/BDML_PS03_Equipo_02/00_data/00_raw/00_competition/submission_template.csv","00_data/00_raw/00_competition/submission_template.csv","file","csv",356.35B,"Archivo CSV con 2 columnas",3,"      "
"/Users/jcrg/Documents/GitHub/BDML_PS03_Equipo_02/00_data/00_raw/00_competition/test.csv","00_data/00_raw/00_competition/test.csv","file","csv",  5.39,"Archivo CSV con 16 columnas",3,"      "
"/Users/jcrg/Documents/GitHub/BDML_PS03_Equipo_02/00_data/00_raw/00_competition/train.csv","00_data/00_raw/00_competition/train.csv","file","csv", 20.68,"Archivo CSV con 16 columnas",3,"      "
"/Users/jcrg/Documents/GitHub/BDML_PS03_Equipo_02/00_data/00_raw/EPT_UPZ.cpg","00_data/00_raw/EPT_UPZ.cpg","file","cpg",  0,"Archivo sin descripción automática",2,"    "
"/Users/jcrg/Documents/GitHub/BDML_PS03_Equipo_02/00_data/00_raw/EPT_UPZ.dbf","00_data/00_raw/EPT_UPZ.dbf","file","dbf", 94.21B,"Componente de shapefile geoespacial",2,"    "
"/Users/jcrg/Documents/GitHub/BDML_PS03_Equipo_02/00_data/00_raw/EPT_UPZ.prj","00_data/00_raw/EPT_UPZ.prj","file","prj",  0,"Componente de shapefile geoespacial",2,"    "
"/Users/jcrg/Documents/GitHub/BDML_PS03_Equipo_02/00_data/00_raw/EPT_UPZ.sbn","00_data/00_raw/EPT_UPZ.sbn","file","sbn",  1.02NA,"Archivo sin descripción automática",2,"    "
"/Users/jcrg/Documents/GitHub/BDML_PS03_Equipo_02/00_data/00_raw/EPT_UPZ.sbx","00_data/00_raw/EPT_UPZ.sbx","file","sbx",  0,"Archivo sin descripción automática",2,"    "
"/Users/jcrg/Documents/GitHub/BDML_PS03_Equipo_02/00_data/00_raw/EPT_UPZ.shp","00_data/00_raw/EPT_UPZ.shp","file","shp",  1.17,"Componente de shapefile geoespacial",2,"    "
"/Users/jcrg/Documents/GitHub/BDML_PS03_Equipo_02/00_data/00_raw/EPT_UPZ.shx","00_data/00_raw/EPT_UPZ.shx","file","shx",  1.02NA,"Componente de shapefile geoespacial",2,"    "
"/Users/jcrg/Documents/GitHub/BDML_PS03_Equipo_02/00_data/00_raw/Loca.cpg","00_data/00_raw/Loca.cpg","file","cpg",  0,"Archivo sin descripción automática",2,"    "
"/Users/jcrg/Documents/GitHub/BDML_PS03_Equipo_02/00_data/00_raw/Loca.dbf","00_data/00_raw/Loca.dbf","file","dbf",  3.07B,"Componente de shapefile geoespacial",2,"    "
"/Users/jcrg/Documents/GitHub/BDML_PS03_Equipo_02/00_data/00_raw/Loca.prj","00_data/00_raw/Loca.prj","file","prj",  0,"Componente de shapefile geoespacial",2,"    "
"/Users/jcrg/Documents/GitHub/BDML_PS03_Equipo_02/00_data/00_raw/Loca.sbn","00_data/00_raw/Loca.sbn","file","sbn",  0,"Archivo sin descripción automática",2,"    "
"/Users/jcrg/Documents/GitHub/BDML_PS03_Equipo_02/00_data/00_raw/Loca.sbx","00_data/00_raw/Loca.sbx","file","sbx",  0,"Archivo sin descripción automática",2,"    "
"/Users/jcrg/Documents/GitHub/BDML_PS03_Equipo_02/00_data/00_raw/Loca.shp","00_data/00_raw/Loca.shp","file","shp",905.22NA,"Componente de shapefile geoespacial",2,"    "
"/Users/jcrg/Documents/GitHub/BDML_PS03_Equipo_02/00_data/00_raw/Loca.shx","00_data/00_raw/Loca.shx","file","shx",  0,"Componente de shapefile geoespacial",2,"    "
"/Users/jcrg/Documents/GitHub/BDML_PS03_Equipo_02/00_data/00_raw/ManzanaEstratificacion.cpg","00_data/00_raw/ManzanaEstratificacion.cpg","file","cpg",  0,"Archivo sin descripción automática",2,"    "
"/Users/jcrg/Documents/GitHub/BDML_PS03_Equipo_02/00_data/00_raw/ManzanaEstratificacion.dbf","00_data/00_raw/ManzanaEstratificacion.dbf","file","dbf",  4.94,"Componente de shapefile geoespacial",2,"    "
"/Users/jcrg/Documents/GitHub/BDML_PS03_Equipo_02/00_data/00_raw/ManzanaEstratificacion.prj","00_data/00_raw/ManzanaEstratificacion.prj","file","prj",  0,"Componente de shapefile geoespacial",2,"    "
"/Users/jcrg/Documents/GitHub/BDML_PS03_Equipo_02/00_data/00_raw/ManzanaEstratificacion.sbn","00_data/00_raw/ManzanaEstratificacion.sbn","file","sbn",429.06B,"Archivo sin descripción automática",2,"    "
"/Users/jcrg/Documents/GitHub/BDML_PS03_Equipo_02/00_data/00_raw/ManzanaEstratificacion.sbx","00_data/00_raw/ManzanaEstratificacion.sbx","file","sbx", 20.48NA,"Archivo sin descripción automática",2,"    "
"/Users/jcrg/Documents/GitHub/BDML_PS03_Equipo_02/00_data/00_raw/ManzanaEstratificacion.shx","00_data/00_raw/ManzanaEstratificacion.shx","file","shx",346.11NA,"Componente de shapefile geoespacial",2,"    "
"/Users/jcrg/Documents/GitHub/BDML_PS03_Equipo_02/00_data/00_raw/osm_cache","00_data/00_raw/osm_cache","folder","",  0,"Carpeta contenedora de archivos y subdirectorios",2,"    "
"/Users/jcrg/Documents/GitHub/BDML_PS03_Equipo_02/00_data/00_raw/osm_cache/amenity_bank.rds","00_data/00_raw/osm_cache/amenity_bank.rds","file","rds", 36.86NA,"Archivo serializado RDS — objeto tipo: sf",3,"      "
"/Users/jcrg/Documents/GitHub/BDML_PS03_Equipo_02/00_data/00_raw/osm_cache/amenity_bus_station.rds","00_data/00_raw/osm_cache/amenity_bus_station.rds","file","rds", 88.06B,"Archivo serializado RDS — objeto tipo: sf",3,"      "
"/Users/jcrg/Documents/GitHub/BDML_PS03_Equipo_02/00_data/00_raw/osm_cache/amenity_cafe.rds","00_data/00_raw/osm_cache/amenity_cafe.rds","file","rds", 60.42NA,"Archivo serializado RDS — objeto tipo: sf",3,"      "
"/Users/jcrg/Documents/GitHub/BDML_PS03_Equipo_02/00_data/00_raw/osm_cache/amenity_hospital.rds","00_data/00_raw/osm_cache/amenity_hospital.rds","file","rds", 28.67NA,"Archivo serializado RDS — objeto tipo: sf",3,"      "
"/Users/jcrg/Documents/GitHub/BDML_PS03_Equipo_02/00_data/00_raw/osm_cache/amenity_pharmacy.rds","00_data/00_raw/osm_cache/amenity_pharmacy.rds","file","rds", 41.98NA,"Archivo serializado RDS — objeto tipo: sf",3,"      "
"/Users/jcrg/Documents/GitHub/BDML_PS03_Equipo_02/00_data/00_raw/osm_cache/amenity_restaurant.rds","00_data/00_raw/osm_cache/amenity_restaurant.rds","file","rds",167.94NA,"Archivo serializado RDS — objeto tipo: sf",3,"      "
"/Users/jcrg/Documents/GitHub/BDML_PS03_Equipo_02/00_data/00_raw/osm_cache/amenity_school.rds","00_data/00_raw/osm_cache/amenity_school.rds","file","rds",193.54NA,"Archivo serializado RDS — objeto tipo: sf",3,"      "
"/Users/jcrg/Documents/GitHub/BDML_PS03_Equipo_02/00_data/00_raw/osm_cache/amenity_university.rds","00_data/00_raw/osm_cache/amenity_university.rds","file","rds", 63.49NA,"Archivo serializado RDS — objeto tipo: sf",3,"      "
"/Users/jcrg/Documents/GitHub/BDML_PS03_Equipo_02/00_data/00_raw/osm_cache/highway_street_lamp.rds","00_data/00_raw/osm_cache/highway_street_lamp.rds","file","rds", 15.36NA,"Archivo serializado RDS — objeto tipo: sf",3,"      "
"/Users/jcrg/Documents/GitHub/BDML_PS03_Equipo_02/00_data/00_raw/osm_cache/landuse_residential_poly.rds","00_data/00_raw/osm_cache/landuse_residential_poly.rds","file","rds",593.92B,"Archivo serializado RDS — objeto tipo: sf",3,"      "
"/Users/jcrg/Documents/GitHub/BDML_PS03_Equipo_02/00_data/00_raw/osm_cache/leisure_fitness_centre.rds","00_data/00_raw/osm_cache/leisure_fitness_centre.rds","file","rds", 14.34B,"Archivo serializado RDS — objeto tipo: sf",3,"      "
"/Users/jcrg/Documents/GitHub/BDML_PS03_Equipo_02/00_data/00_raw/osm_cache/leisure_park_poly.rds","00_data/00_raw/osm_cache/leisure_park_poly.rds","file","rds",457.73NA,"Archivo serializado RDS — objeto tipo: sf",3,"      "
"/Users/jcrg/Documents/GitHub/BDML_PS03_Equipo_02/00_data/00_raw/osm_cache/railway_station.rds","00_data/00_raw/osm_cache/railway_station.rds","file","rds",  9.22B,"Archivo serializado RDS — objeto tipo: sf",3,"      "
"/Users/jcrg/Documents/GitHub/BDML_PS03_Equipo_02/00_data/00_raw/osm_cache/shop_supermarket.rds","00_data/00_raw/osm_cache/shop_supermarket.rds","file","rds", 99.33B,"Archivo serializado RDS — objeto tipo: sf",3,"      "
"/Users/jcrg/Documents/GitHub/BDML_PS03_Equipo_02/00_data/01_process","00_data/01_process","folder","",  0,"Carpeta contenedora de archivos y subdirectorios",1,"  "
"/Users/jcrg/Documents/GitHub/BDML_PS03_Equipo_02/00_data/01_process/00_clean.R","00_data/01_process/00_clean.R","file","R",  1.02B,"Script de R. Comentarios iniciales: # ============================================================ | # 00_clean.R | # Limpieza general del dataset",2,"    "
"/Users/jcrg/Documents/GitHub/BDML_PS03_Equipo_02/00_data/01_process/01_text_variables.R","00_data/01_process/01_text_variables.R","file","R",  9.22B,"Script de R. Comentarios iniciales: # ============================================================ | # 01_text_variables.R | # Variables derivadas de la descripción del inmueble",2,"    "
"/Users/jcrg/Documents/GitHub/BDML_PS03_Equipo_02/00_data/01_process/02_spatial_variables.R","00_data/01_process/02_spatial_variables.R","file","R", 12.29NA,"Script de R. Comentarios iniciales: # ============================================================ | # 02_spatial_variables.R | # Variables espaciales derivadas de OpenStreetMap",2,"    "
"/Users/jcrg/Documents/GitHub/BDML_PS03_Equipo_02/00_data/01_process/02a_spatial_variables_assets","00_data/01_process/02a_spatial_variables_assets","folder","",  0,"Carpeta contenedora de archivos y subdirectorios",2,"    "
"/Users/jcrg/Documents/GitHub/BDML_PS03_Equipo_02/00_data/01_process/02a_spatial_variables_assets/01_estratos","00_data/01_process/02a_spatial_variables_assets/01_estratos","folder","",  0,"Carpeta contenedora de archivos y subdirectorios",3,"      "
"/Users/jcrg/Documents/GitHub/BDML_PS03_Equipo_02/00_data/01_process/02a_spatial_variables_assets/01_estratos/ManzanaEstratificacion.cpg","00_data/01_process/02a_spatial_variables_assets/01_estratos/ManzanaEstratificacion.cpg","file","cpg",  0,"Archivo sin descripción automática",4,"        "
"/Users/jcrg/Documents/GitHub/BDML_PS03_Equipo_02/00_data/01_process/02a_spatial_variables_assets/01_estratos/ManzanaEstratificacion.dbf","00_data/01_process/02a_spatial_variables_assets/01_estratos/ManzanaEstratificacion.dbf","file","dbf",  4.94,"Componente de shapefile geoespacial",4,"        "
"/Users/jcrg/Documents/GitHub/BDML_PS03_Equipo_02/00_data/01_process/02a_spatial_variables_assets/01_estratos/ManzanaEstratificacion.prj","00_data/01_process/02a_spatial_variables_assets/01_estratos/ManzanaEstratificacion.prj","file","prj",  0,"Componente de shapefile geoespacial",4,"        "
"/Users/jcrg/Documents/GitHub/BDML_PS03_Equipo_02/00_data/01_process/02a_spatial_variables_assets/01_estratos/ManzanaEstratificacion.sbn","00_data/01_process/02a_spatial_variables_assets/01_estratos/ManzanaEstratificacion.sbn","file","sbn",429.06NA,"Archivo sin descripción automática",4,"        "
"/Users/jcrg/Documents/GitHub/BDML_PS03_Equipo_02/00_data/01_process/02a_spatial_variables_assets/01_estratos/ManzanaEstratificacion.sbx","00_data/01_process/02a_spatial_variables_assets/01_estratos/ManzanaEstratificacion.sbx","file","sbx", 20.48NA,"Archivo sin descripción automática",4,"        "
"/Users/jcrg/Documents/GitHub/BDML_PS03_Equipo_02/00_data/01_process/02a_spatial_variables_assets/01_estratos/ManzanaEstratificacion.shp","00_data/01_process/02a_spatial_variables_assets/01_estratos/ManzanaEstratificacion.shp","file","shp", 28.56,"Componente de shapefile geoespacial",4,"        "
"/Users/jcrg/Documents/GitHub/BDML_PS03_Equipo_02/00_data/01_process/02a_spatial_variables_assets/01_estratos/ManzanaEstratificacion.shp.xml","00_data/01_process/02a_spatial_variables_assets/01_estratos/ManzanaEstratificacion.shp.xml","file","xml", 69.63NA,"Archivo sin descripción automática",4,"        "
"/Users/jcrg/Documents/GitHub/BDML_PS03_Equipo_02/00_data/01_process/02a_spatial_variables_assets/01_estratos/ManzanaEstratificacion.shx","00_data/01_process/02a_spatial_variables_assets/01_estratos/ManzanaEstratificacion.shx","file","shx",346.11NA,"Componente de shapefile geoespacial",4,"        "
"/Users/jcrg/Documents/GitHub/BDML_PS03_Equipo_02/00_data/01_process/02a_spatial_variables_assets/02_UPZ","00_data/01_process/02a_spatial_variables_assets/02_UPZ","folder","",  0,"Carpeta contenedora de archivos y subdirectorios",3,"      "
"/Users/jcrg/Documents/GitHub/BDML_PS03_Equipo_02/00_data/01_process/02a_spatial_variables_assets/02_UPZ/EPT_UPZ.cpg","00_data/01_process/02a_spatial_variables_assets/02_UPZ/EPT_UPZ.cpg","file","cpg",  0,"Archivo sin descripción automática",4,"        "
"/Users/jcrg/Documents/GitHub/BDML_PS03_Equipo_02/00_data/01_process/02a_spatial_variables_assets/02_UPZ/EPT_UPZ.dbf","00_data/01_process/02a_spatial_variables_assets/02_UPZ/EPT_UPZ.dbf","file","dbf", 94.21NA,"Componente de shapefile geoespacial",4,"        "
"/Users/jcrg/Documents/GitHub/BDML_PS03_Equipo_02/00_data/01_process/02a_spatial_variables_assets/02_UPZ/EPT_UPZ.prj","00_data/01_process/02a_spatial_variables_assets/02_UPZ/EPT_UPZ.prj","file","prj",  0,"Componente de shapefile geoespacial",4,"        "
"/Users/jcrg/Documents/GitHub/BDML_PS03_Equipo_02/00_data/01_process/02a_spatial_variables_assets/02_UPZ/EPT_UPZ.sbn","00_data/01_process/02a_spatial_variables_assets/02_UPZ/EPT_UPZ.sbn","file","sbn",  1.02B,"Archivo sin descripción automática",4,"        "
"/Users/jcrg/Documents/GitHub/BDML_PS03_Equipo_02/00_data/01_process/02a_spatial_variables_assets/02_UPZ/EPT_UPZ.sbx","00_data/01_process/02a_spatial_variables_assets/02_UPZ/EPT_UPZ.sbx","file","sbx",  0,"Archivo sin descripción automática",4,"        "
"/Users/jcrg/Documents/GitHub/BDML_PS03_Equipo_02/00_data/01_process/02a_spatial_variables_assets/02_UPZ/EPT_UPZ.shp","00_data/01_process/02a_spatial_variables_assets/02_UPZ/EPT_UPZ.shp","file","shp",  1.17,"Componente de shapefile geoespacial",4,"        "
"/Users/jcrg/Documents/GitHub/BDML_PS03_Equipo_02/00_data/01_process/02a_spatial_variables_assets/02_UPZ/EPT_UPZ.shx","00_data/01_process/02a_spatial_variables_assets/02_UPZ/EPT_UPZ.shx","file","shx",  1.02B,"Componente de shapefile geoespacial",4,"        "
"/Users/jcrg/Documents/GitHub/BDML_PS03_Equipo_02/00_data/01_process/02a_spatial_variables_assets/03_localidades","00_data/01_process/02a_spatial_variables_assets/03_localidades","folder","",  0,"Carpeta contenedora de archivos y subdirectorios",3,"      "
"/Users/jcrg/Documents/GitHub/BDML_PS03_Equipo_02/00_data/01_process/02a_spatial_variables_assets/03_localidades/Loca.cpg","00_data/01_process/02a_spatial_variables_assets/03_localidades/Loca.cpg","file","cpg",  0,"Archivo sin descripción automática",4,"        "
"/Users/jcrg/Documents/GitHub/BDML_PS03_Equipo_02/00_data/01_process/02a_spatial_variables_assets/03_localidades/Loca.dbf","00_data/01_process/02a_spatial_variables_assets/03_localidades/Loca.dbf","file","dbf",  3.07NA,"Componente de shapefile geoespacial",4,"        "
"/Users/jcrg/Documents/GitHub/BDML_PS03_Equipo_02/00_data/01_process/02a_spatial_variables_assets/03_localidades/Loca.prj","00_data/01_process/02a_spatial_variables_assets/03_localidades/Loca.prj","file","prj",  0,"Componente de shapefile geoespacial",4,"        "
"/Users/jcrg/Documents/GitHub/BDML_PS03_Equipo_02/00_data/01_process/02a_spatial_variables_assets/03_localidades/Loca.sbn","00_data/01_process/02a_spatial_variables_assets/03_localidades/Loca.sbn","file","sbn",  0,"Archivo sin descripción automática",4,"        "
"/Users/jcrg/Documents/GitHub/BDML_PS03_Equipo_02/00_data/01_process/02a_spatial_variables_assets/03_localidades/Loca.sbx","00_data/01_process/02a_spatial_variables_assets/03_localidades/Loca.sbx","file","sbx",  0,"Archivo sin descripción automática",4,"        "
"/Users/jcrg/Documents/GitHub/BDML_PS03_Equipo_02/00_data/01_process/02a_spatial_variables_assets/03_localidades/Loca.shp","00_data/01_process/02a_spatial_variables_assets/03_localidades/Loca.shp","file","shp",905.22B,"Componente de shapefile geoespacial",4,"        "
"/Users/jcrg/Documents/GitHub/BDML_PS03_Equipo_02/00_data/01_process/02a_spatial_variables_assets/03_localidades/Loca.shp.xml","00_data/01_process/02a_spatial_variables_assets/03_localidades/Loca.shp.xml","file","xml", 13.31B,"Archivo sin descripción automática",4,"        "
"/Users/jcrg/Documents/GitHub/BDML_PS03_Equipo_02/00_data/01_process/02a_spatial_variables_assets/03_localidades/Loca.shx","00_data/01_process/02a_spatial_variables_assets/03_localidades/Loca.shx","file","shx",  0,"Componente de shapefile geoespacial",4,"        "
"/Users/jcrg/Documents/GitHub/BDML_PS03_Equipo_02/00_data/01_process/03_imputation.R","00_data/01_process/03_imputation.R","file","R",  8.19NA,"Script de R. Comentarios iniciales: # ============================================================ | # 03_imputation.R | # Imputación de missings con flags _was_na",2,"    "
"/Users/jcrg/Documents/GitHub/BDML_PS03_Equipo_02/00_data/01_process/04_cv_setup.R","00_data/01_process/04_cv_setup.R","file","R",  9.22NA,"Script de R. Comentarios iniciales: # ============================================================ | # 04_cv_setup.R | # Construcción de folds con tidymodels (rsample)",2,"    "
"/Users/jcrg/Documents/GitHub/BDML_PS03_Equipo_02/00_data/01_processed","00_data/01_processed","folder","",  0,"Carpeta contenedora de archivos y subdirectorios",1,"  "
"/Users/jcrg/Documents/GitHub/BDML_PS03_Equipo_02/00_data/01_processed/test_model.rds","00_data/01_processed/test_model.rds","file","rds",  1.71,"Archivo serializado RDS — objeto tipo: data.frame",2,"    "
"/Users/jcrg/Documents/GitHub/BDML_PS03_Equipo_02/00_data/01_processed/train_model.rds","00_data/01_processed/train_model.rds","file","rds",  7.21,"Archivo serializado RDS — objeto tipo: data.frame",2,"    "
"/Users/jcrg/Documents/GitHub/BDML_PS03_Equipo_02/00_data/02_cv","00_data/02_cv","folder","",  0,"Carpeta contenedora de archivos y subdirectorios",1,"  "
"/Users/jcrg/Documents/GitHub/BDML_PS03_Equipo_02/00_data/02_cv/folds_global.rds","00_data/02_cv/folds_global.rds","file","rds", 38.37,"Archivo serializado RDS — objeto tipo: vfold_cv",2,"    "
"/Users/jcrg/Documents/GitHub/BDML_PS03_Equipo_02/00_data/02_cv/folds_norte.rds","00_data/02_cv/folds_norte.rds","file","rds",  7.69,"Archivo serializado RDS — objeto tipo: manual_rset",2,"    "
"/Users/jcrg/Documents/GitHub/BDML_PS03_Equipo_02/00_data/02_cv/folds_spatial.rds","00_data/02_cv/folds_spatial.rds","file","rds",138.27,"Archivo serializado RDS — objeto tipo: group_vfold_cv",2,"    "
"/Users/jcrg/Documents/GitHub/BDML_PS03_Equipo_02/00_data/02_cv/folds_spatial_upz.rds","00_data/02_cv/folds_spatial_upz.rds","file","rds",637.89,"Archivo serializado RDS — objeto tipo: group_vfold_cv",2,"    "
"/Users/jcrg/Documents/GitHub/BDML_PS03_Equipo_02/00_data/02_cv/folds_std.rds","00_data/02_cv/folds_std.rds","file","rds", 38.37,"Archivo serializado RDS — objeto tipo: vfold_cv",2,"    "
"/Users/jcrg/Documents/GitHub/BDML_PS03_Equipo_02/00_data/02_cv/pesos_dist_6km.rds","00_data/02_cv/pesos_dist_6km.rds","file","rds",210.94NA,"Archivo serializado RDS — objeto tipo: numeric",2,"    "
"/Users/jcrg/Documents/GitHub/BDML_PS03_Equipo_02/00_data/02_cv/pesos_uniform.rds","00_data/02_cv/pesos_uniform.rds","file","rds",  0,"Archivo serializado RDS — objeto tipo: numeric",2,"    "
"/Users/jcrg/Documents/GitHub/BDML_PS03_Equipo_02/00_rundirectory.R","00_rundirectory.R","file","R",  4.1NA,"Script de R. Comentarios iniciales: # 00_rundirectory.R ------------------------------------------------------ | # Universidad de Los Andes - 2026-10 - Big Data y Machine Learning para Economía Aplicada | # Problem Set 03: Making Money With ML?",0,""
"/Users/jcrg/Documents/GitHub/BDML_PS03_Equipo_02/01_R","01_R","folder","",  0,"Carpeta contenedora de archivos y subdirectorios",0,""
"/Users/jcrg/Documents/GitHub/BDML_PS03_Equipo_02/01_R/00_functions","01_R/00_functions","folder","",  0,"Carpeta contenedora de archivos y subdirectorios",1,"  "
"/Users/jcrg/Documents/GitHub/BDML_PS03_Equipo_02/01_R/00_functions/00_nm.R","01_R/00_functions/00_nm.R","file","R",  0,"Script de R. Comentarios iniciales: # Función para generar nombre de modelo para modelos basados en tiny models | # 00_nm.R",2,"    "
"/Users/jcrg/Documents/GitHub/BDML_PS03_Equipo_02/01_R/00_functions/01_log_modelo.R","01_R/00_functions/01_log_modelo.R","file","R",  1.02NA,"Script de R. Comentarios iniciales: # Función para guardar detalles de modelo en un log general | # 01_log_modelo.R",2,"    "
"/Users/jcrg/Documents/GitHub/BDML_PS03_Equipo_02/01_R/00_functions/02_generar_submission.R","01_R/00_functions/02_generar_submission.R","file","R",  1.02B,"Script de R. Comentarios iniciales: # Función para ahcer prediccion y generar submission | # 02_generar_submission.R",2,"    "
"/Users/jcrg/Documents/GitHub/BDML_PS03_Equipo_02/02_models","02_models","folder","",  0,"Carpeta contenedora de archivos y subdirectorios",0,""
"/Users/jcrg/Documents/GitHub/BDML_PS03_Equipo_02/02_models/00_training","02_models/00_training","folder","",  0,"Carpeta contenedora de archivos y subdirectorios",1,"  "
"/Users/jcrg/Documents/GitHub/BDML_PS03_Equipo_02/02_models/00_training/00_linear_regression.R","02_models/00_training/00_linear_regression.R","file","R",  2.05NA,"Script de R. Comentarios iniciales: # ============================================================ | # 00_linear_regression.R | # ============================================================",2,"    "
"/Users/jcrg/Documents/GitHub/BDML_PS03_Equipo_02/02_models/00_training/01_elastic_net.R","02_models/00_training/01_elastic_net.R","file","R",  2.05NA,"Script de R. Comentarios iniciales: # ============================================================ | # 01_elastic_net.R | # ============================================================",2,"    "
"/Users/jcrg/Documents/GitHub/BDML_PS03_Equipo_02/02_models/00_training/02_regression_trees.R","02_models/00_training/02_regression_trees.R","file","R",  2.05B,"Script de R. Comentarios iniciales: # ============================================================ | # 02_regression_trees.R | # ============================================================",2,"    "
"/Users/jcrg/Documents/GitHub/BDML_PS03_Equipo_02/02_models/00_training/03_random_forest.R","02_models/00_training/03_random_forest.R","file","R",  3.07NA,"Script de R. Comentarios iniciales: # ============================================================ | # 03_random_forest.R | # Random Forest — tidymodels + ranger engine",2,"    "
"/Users/jcrg/Documents/GitHub/BDML_PS03_Equipo_02/02_models/00_training/04_boosting.R","02_models/00_training/04_boosting.R","file","R",  3.07NA,"Script de R. Comentarios iniciales: # ============================================================ | # 04_boosting.R | # XGBoost — tidymodels + finetune::tune_bayes()",2,"    "
"/Users/jcrg/Documents/GitHub/BDML_PS03_Equipo_02/02_models/00_training/05_neural_network.R","02_models/00_training/05_neural_network.R","file","R",  6.14NA,"Script de R. Comentarios iniciales: # ============================================================ | # 05_neural_network.R | # Red neuronal — tidymodels + brulee (torch)",2,"    "
"/Users/jcrg/Documents/GitHub/BDML_PS03_Equipo_02/02_models/00_training/06_super_learning.R","02_models/00_training/06_super_learning.R","file","R", 17.41NA,"Script de R. Comentarios iniciales: # ============================================================ | # 06_super_learning.R | # Super Learner: tres variantes de ensemble",2,"    "
"/Users/jcrg/Documents/GitHub/BDML_PS03_Equipo_02/02_models/01_submissions","02_models/01_submissions","folder","",  0,"Carpeta contenedora de archivos y subdirectorios",1,"  "
"/Users/jcrg/Documents/GitHub/BDML_PS03_Equipo_02/02_models/01_submissions/00_linear_regression","02_models/01_submissions/00_linear_regression","folder","",  0,"Carpeta contenedora de archivos y subdirectorios",2,"    "
"/Users/jcrg/Documents/GitHub/BDML_PS03_Equipo_02/02_models/01_submissions/00_linear_regression/LR_base.csv","02_models/01_submissions/00_linear_regression/LR_base.csv","file","csv",433.15NA,"Archivo CSV con 2 columnas",3,"      "
"/Users/jcrg/Documents/GitHub/BDML_PS03_Equipo_02/02_models/01_submissions/00_linear_regression/LR_ols1.csv","02_models/01_submissions/00_linear_regression/LR_ols1.csv","file","csv",431.1B,"Archivo CSV con 2 columnas",3,"      "
"/Users/jcrg/Documents/GitHub/BDML_PS03_Equipo_02/02_models/01_submissions/00_linear_regression/LR_ols2.csv","02_models/01_submissions/00_linear_regression/LR_ols2.csv","file","csv",432.13B,"Archivo CSV con 2 columnas",3,"      "
"/Users/jcrg/Documents/GitHub/BDML_PS03_Equipo_02/02_models/01_submissions/00_linear_regression/LR_ols3.csv","02_models/01_submissions/00_linear_regression/LR_ols3.csv","file","csv",433.15NA,"Archivo CSV con 2 columnas",3,"      "
"/Users/jcrg/Documents/GitHub/BDML_PS03_Equipo_02/02_models/01_submissions/01_elastic_net","02_models/01_submissions/01_elastic_net","folder","",  0,"Carpeta contenedora de archivos y subdirectorios",2,"    "
"/Users/jcrg/Documents/GitHub/BDML_PS03_Equipo_02/02_models/01_submissions/01_elastic_net/EN_enet.csv","02_models/01_submissions/01_elastic_net/EN_enet.csv","file","csv",432.13B,"Archivo CSV con 2 columnas",3,"      "
"/Users/jcrg/Documents/GitHub/BDML_PS03_Equipo_02/02_models/01_submissions/01_elastic_net/EN_tuned.csv","02_models/01_submissions/01_elastic_net/EN_tuned.csv","file","csv",432.13B,"Archivo CSV con 2 columnas",3,"      "
"/Users/jcrg/Documents/GitHub/BDML_PS03_Equipo_02/02_models/01_submissions/02_regression_trees","02_models/01_submissions/02_regression_trees","folder","",  0,"Carpeta contenedora de archivos y subdirectorios",2,"    "
"/Users/jcrg/Documents/GitHub/BDML_PS03_Equipo_02/02_models/01_submissions/02_regression_trees/CART_cart.csv","02_models/01_submissions/02_regression_trees/CART_cart.csv","file","csv",430.08B,"Archivo CSV con 2 columnas",3,"      "
"/Users/jcrg/Documents/GitHub/BDML_PS03_Equipo_02/02_models/01_submissions/03_random_forest","02_models/01_submissions/03_random_forest","folder","",  0,"Carpeta contenedora de archivos y subdirectorios",2,"    "
"/Users/jcrg/Documents/GitHub/BDML_PS03_Equipo_02/02_models/01_submissions/03_random_forest/RF_competitive_v2_lm_calibrated.csv","02_models/01_submissions/03_random_forest/RF_competitive_v2_lm_calibrated.csv","file","csv",440.32NA,"Archivo CSV con 2 columnas",3,"      "
"/Users/jcrg/Documents/GitHub/BDML_PS03_Equipo_02/02_models/01_submissions/04_boosting","02_models/01_submissions/04_boosting","folder","",  0,"Carpeta contenedora de archivos y subdirectorios",2,"    "
"/Users/jcrg/Documents/GitHub/BDML_PS03_Equipo_02/02_models/01_submissions/05_neural_networks","02_models/01_submissions/05_neural_networks","folder","",  0,"Carpeta contenedora de archivos y subdirectorios",2,"    "
"/Users/jcrg/Documents/GitHub/BDML_PS03_Equipo_02/02_models/01_submissions/05_neural_networks/BRU_hidden128-64-32_penalty0001_lr0001_epochs300_actrelu_drop0_cvstd.csv","02_models/01_submissions/05_neural_networks/BRU_hidden128-64-32_penalty0001_lr0001_epochs300_actrelu_drop0_cvstd.csv","file","csv",433.15NA,"Archivo CSV con 2 columnas",3,"      "
"/Users/jcrg/Documents/GitHub/BDML_PS03_Equipo_02/02_models/01_submissions/05_neural_networks/BRU_hidden32-16_penalty001_lr001_epochs100_actrelu_drop0_cvspatial.csv","02_models/01_submissions/05_neural_networks/BRU_hidden32-16_penalty001_lr001_epochs100_actrelu_drop0_cvspatial.csv","file","csv",290.82NA,"Archivo CSV con 2 columnas",3,"      "
"/Users/jcrg/Documents/GitHub/BDML_PS03_Equipo_02/02_models/01_submissions/06_super_learners","02_models/01_submissions/06_super_learners","folder","",  0,"Carpeta contenedora de archivos y subdirectorios",2,"    "
"/Users/jcrg/Documents/GitHub/BDML_PS03_Equipo_02/02_models/01_submissions/submission_log.csv","02_models/01_submissions/submission_log.csv","file","csv",  1.02NA,"Archivo CSV con 5 columnas",2,"    "
"/Users/jcrg/Documents/GitHub/BDML_PS03_Equipo_02/03_pres","03_pres","folder","",  1.02NA,"Carpeta contenedora de archivos y subdirectorios",0,""
"/Users/jcrg/Documents/GitHub/BDML_PS03_Equipo_02/03_pres/00_analysis.R","03_pres/00_analysis.R","file","R", 32.77NA,"Script de R. Comentarios iniciales: # ============================================================ | # 00_analysis.R | # Best Model Deep Dive + Spatial Validation + Business Analysis",1,"  "
"/Users/jcrg/Documents/GitHub/BDML_PS03_Equipo_02/03_pres/benchmark_models.csv","03_pres/benchmark_models.csv","file","csv",  0,"Archivo CSV con 2 columnas",1,"  "
"/Users/jcrg/Documents/GitHub/BDML_PS03_Equipo_02/03_pres/benchmark_models.png","03_pres/benchmark_models.png","file","png", 46.08NA,"Figura / visualización exportada",1,"  "
"/Users/jcrg/Documents/GitHub/BDML_PS03_Equipo_02/03_pres/bias_by_estrato.png","03_pres/bias_by_estrato.png","file","png",119.81NA,"Figura / visualización exportada",1,"  "
"/Users/jcrg/Documents/GitHub/BDML_PS03_Equipo_02/03_pres/bias_by_localidad_top15.png","03_pres/bias_by_localidad_top15.png","file","png",120.83NA,"Figura / visualización exportada",1,"  "
"/Users/jcrg/Documents/GitHub/BDML_PS03_Equipo_02/03_pres/calibration_plot.png","03_pres/calibration_plot.png","file","png",  2.16,"Figura / visualización exportada",1,"  "
"/Users/jcrg/Documents/GitHub/BDML_PS03_Equipo_02/03_pres/catastrophic_error_summary.png","03_pres/catastrophic_error_summary.png","file","png", 82.94B,"Figura / visualización exportada",1,"  "
"/Users/jcrg/Documents/GitHub/BDML_PS03_Equipo_02/03_pres/error_vs_price.png","03_pres/error_vs_price.png","file","png",  3.8,"Figura / visualización exportada",1,"  "
"/Users/jcrg/Documents/GitHub/BDML_PS03_Equipo_02/03_pres/feature_group_importance.png","03_pres/feature_group_importance.png","file","png", 84.99NA,"Figura / visualización exportada",1,"  "
"/Users/jcrg/Documents/GitHub/BDML_PS03_Equipo_02/03_pres/figures","03_pres/figures","folder","",  0,"Carpeta contenedora de archivos y subdirectorios",1,"  "
"/Users/jcrg/Documents/GitHub/BDML_PS03_Equipo_02/03_pres/map_error_norte.png","03_pres/map_error_norte.png","file","png",  2,"Figura / visualización exportada",1,"  "
"/Users/jcrg/Documents/GitHub/BDML_PS03_Equipo_02/03_pres/map_error_spatial.png","03_pres/map_error_spatial.png","file","png",  1.86,"Figura / visualización exportada",1,"  "
"/Users/jcrg/Documents/GitHub/BDML_PS03_Equipo_02/03_pres/map_error_upz.png","03_pres/map_error_upz.png","file","png",  1.24,"Figura / visualización exportada",1,"  "
"/Users/jcrg/Documents/GitHub/BDML_PS03_Equipo_02/03_pres/shap_directionality.png","03_pres/shap_directionality.png","file","png",427.01NA,"Figura / visualización exportada",1,"  "
"/Users/jcrg/Documents/GitHub/BDML_PS03_Equipo_02/03_pres/shap_importance.png","03_pres/shap_importance.png","file","png",199.68NA,"Figura / visualización exportada",1,"  "
"/Users/jcrg/Documents/GitHub/BDML_PS03_Equipo_02/03_pres/shap_summary_top25.png","03_pres/shap_summary_top25.png","file","png",104.45NA,"Figura / visualización exportada",1,"  "
"/Users/jcrg/Documents/GitHub/BDML_PS03_Equipo_02/03_pres/spatial_gap.png","03_pres/spatial_gap.png","file","png", 82.94B,"Figura / visualización exportada",1,"  "
"/Users/jcrg/Documents/GitHub/BDML_PS03_Equipo_02/03_pres/tabla_cv_performance.png","03_pres/tabla_cv_performance.png","file","png", 52.22B,"Figura / visualización exportada",1,"  "
"/Users/jcrg/Documents/GitHub/BDML_PS03_Equipo_02/03_pres/tabla_cv_risk.png","03_pres/tabla_cv_risk.png","file","png", 41.98NA,"Figura / visualización exportada",1,"  "
"/Users/jcrg/Documents/GitHub/BDML_PS03_Equipo_02/03_pres/tabla_gap_spatial.png","03_pres/tabla_gap_spatial.png","file","png", 43.01NA,"Figura / visualización exportada",1,"  "
"/Users/jcrg/Documents/GitHub/BDML_PS03_Equipo_02/03_pres/tabla_mae_folds.png","03_pres/tabla_mae_folds.png","file","png",606.21NA,"Figura / visualización exportada",1,"  "
"/Users/jcrg/Documents/GitHub/BDML_PS03_Equipo_02/03_pres/tables","03_pres/tables","folder","",  0,"Carpeta contenedora de archivos y subdirectorios",1,"  "
"/Users/jcrg/Documents/GitHub/BDML_PS03_Equipo_02/03_pres/xgb_gain_importance.png","03_pres/xgb_gain_importance.png","file","png",189.44NA,"Figura / visualización exportada",1,"  "
"/Users/jcrg/Documents/GitHub/BDML_PS03_Equipo_02/BDML_PS03_Equipo_02.Rproj","BDML_PS03_Equipo_02.Rproj","file","Rproj",  0,"Proyecto de RStudio",0,""
"/Users/jcrg/Documents/GitHub/BDML_PS03_Equipo_02/Problem_Set_3.pdf","Problem_Set_3.pdf","file","pdf",217.09NA,"Archivo sin descripción automática",0,""
"/Users/jcrg/Documents/GitHub/BDML_PS03_Equipo_02/README.md","README.md","file","md", 13.31NA,"Archivo Markdown / documentación",0,""
