Feature,Gain,Cover,Frequency,feature_group
bathrooms,0.3178429253799201,0.06307358265508967,0.04894780528294517,Properati structural
surface_total,0.08581312917231138,0.05285597286486343,0.04389434109662614,Properati structural
EPT,0.049029912224487104,0.02073396258452058,0.019627947854108686,OSM / Spatial
surface_covered,0.043355483712936085,0.03787793067804456,0.04238074312777696,Properati structural
bedrooms,0.04255982422708371,0.043796733608593895,0.03332356818514721,Properati structural
dist_metro,0.03068422519903509,0.043500559508327354,0.04965577852643914,OSM / Spatial
rooms,0.030135932827533365,0.02966928461350427,0.03493481763585762,Properati structural
ESTRATO3,0.02836980546595267,0.002816463016458006,0.004199013720033201,Properati structural
dist_bus,0.027934622767155082,0.053400186500257255,0.057345832723011574,OSM / Spatial
dist_hospital,0.025402620546885468,0.043327368979133064,0.050729944826912746,OSM / Spatial
dist_universidad,0.02360156341129135,0.03899921940943686,0.052707387334602805,OSM / Spatial
dist_parque,0.022800634707626586,0.043038604763151335,0.05888384356232606,OSM / Spatial
ESTRATO6,0.02118210368218336,0.004360449757201353,0.004687271129339388,Properati structural
dist_cafe,0.018977014521572015,0.037106110007088126,0.05353742493042332,OSM / Spatial
dist_colegio,0.018795626572596848,0.04344082709808391,0.05229236853669254,OSM / Spatial
dist_super,0.017996560199398687,0.05250244097131289,0.05378155363507641,OSM / Spatial
n_rest_500m,0.013842221266817984,0.020581684875139564,0.030686978174893804,OSM / Spatial
n_bancos_500m,0.012350756631321517,0.024776370178001612,0.02328987842390508,OSM / Spatial
terraza,0.011517271960322385,0.0056884974666237065,0.011059030320785118,Text-derived / amenities
AREA_HECTA,0.00992675691781294,0.010709970426196576,0.014061813388018164,OSM / Spatial
n_cafes_500m,0.009042065122148318,0.022406631977038835,0.022972511107856062,OSM / Spatial
ESTRATO2,0.008139713470821744,0.0031101437689171297,0.0016356623211757238,Properati structural
n_farmacias_500m,0.0081326496551599875,0.0172981131153322,0.023851374444607196,OSM / Spatial
property_typeApartamento,0.007106661289776556,0.002946467898130789,0.003832820663053562,Properati structural
walk_in_closet,0.006548582504605973,0.0060234425856098795,0.005199941409110884,OSM / Spatial
ESTRATO5,0.006057085515199793,0.003420624936364313,0.004321078072359748,Properati structural
estudio_cuarto,0.0059082035253649485,0.005265740091848673,0.008129485864948001,Properati structural
gym,0.005429596622733601,0.0036901763424014595,0.005614960207021141,Text-derived / amenities
n_gym_500m,0.005400115209809949,0.015498050919796546,0.01347590449685074,OSM / Spatial
surface_total_was_na,0.005103412479979578,0.0046359862773476404,0.007836531419364289,Properati structural
surface_covered_was_na,0.005021149633800887,0.0038550772996646036,0.006689126507494751,Properati structural
cocina_integral,0.00430572544671573,0.004964649455104742,0.006298520580049803,Text-derived / amenities
n_lamparas_200m,0.004177433222999906,0.014058277482432395,0.007958595771690835,OSM / Spatial
chimenea,0.003814916228231361,0.0033691767011952882,0.007519164103315268,Text-derived / amenities
bathrooms_was_na,0.0036336225985082386,0.003066467007433555,0.008275963087739856,Properati structural
CODIGO_UPZ14,0.003484544690495483,0.0017196220460345187,0.002416874176065622,Properati structural
parqueadero,0.002876338704444602,0.005115416044602474,0.008666569015184806,Properati structural
piscina,0.0028546506571020713,0.004200524701839586,0.003515453347004541,Properati structural
squash,0.002170952554536282,0.0031192104882168214,0.0019286167667594356,Properati structural
ESTRATO_was_na,0.002053419688720171,0.0016558689775301979,0.006860016600751916,Properati structural
ESTRATO4,0.001996224241072315,0.0018534910771231226,0.002441287046530931,Properati structural
CODIGO_UPZ74,0.0019663698239924944,0.0031620723243347693,6.835603730286607e-4,Properati structural
vista_cerros,0.0019084505235613047,0.003192753454822119,9.521019481470632e-4,Text-derived / amenities
lavanderia,0.0017971837161090095,0.004199531680202001,0.0063229334505151115,Text-derived / amenities
tenis,0.0017510269442801013,0.0035431713620417546,0.0017333138030369611,Properati structural
duplex,0.001747123140069504,0.003637567783036343,0.005273180020506811,Text-derived / amenities
CODIGO_UPZ16,0.0015874533066547987,0.002063153564071769,0.0021483326009472193,Properati structural
vista,0.0014749662043156897,0.004670261714414511,0.0026121771397880963,Text-derived / amenities
zona_exterior_priv,0.0014114751048474189,0.004971292985734456,0.0013671207460573215,Properati structural
CODIGO_UPZ15,0.001371116909720331,0.0035602740010064705,0.0018553781553635076,Properati structural
rooms_was_na,0.001337703048652155,9.28021895177262e-4,0.005102289927249646,Properati structural
conjunto,0.001313206392373854,0.004485829532659948,0.002343635564669694,Properati structural
CODIGO_UPZ110,0.001250179688618896,0.0030359154015076294,0.00141594648698794,Properati structural
sala_reuniones,0.001241583659872697,0.0023289379641141623,0.0015135979688491773,Properati structural
cocina_americana,0.0012131585117943363,0.003621296260007432,0.003613104828865778,Text-derived / amenities
CODIGO_UPZ88,0.0011916497659829638,0.005861623233537285,0.001098579170938919,Properati structural
CODIGO_UPZ22,0.0011832805940283932,0.004031635467455923,0.0017089009325716518,Properati structural
remodelada,0.0011156712564795168,0.003247536947447816,0.00427225233142913,Text-derived / amenities
sin_ascensor,0.0010999477940525618,0.004622148736702159,8.544504662858259e-4,OSM / Spatial
salon_comunal,9.33031915750037e-4,0.002703566170606665,0.004369903813290367,OSM / Spatial
pisos_madera,9.02339386658731e-4,0.002841747290219349,0.0027098286216493336,Properati structural
vigilancia,8.615402173775639e-4,0.0015032620598888974,0.0037839949221229433,Properati structural
antiguo,8.54174849140677e-4,0.0055338667277101536,0.0018553781553635076,Properati structural
moderno,8.130754724414986e-4,0.0049954547132967896,0.0016844880621063425,Text-derived / amenities
ascensor,7.199229463764146e-4,0.002125411703262986,0.003124847419559592,Properati structural
CODIGO_UPZ106,7.104069092883027e-4,5.206455620713486e-4,5.370831502368048e-4,Properati structural
CODIGO_UPZ21,6.983373683555298e-4,0.0024467783307265257,0.0016600751916410331,Properati structural
porteria,6.722440897048955e-4,7.84913445373734e-4,0.0020018553781553637,Properati structural
golf,6.198209825680591e-4,0.0026305952708143244,0.001098579170938919,Properati structural
property_typeCasa,5.786587395553303e-4,4.1268144326757827e-4,6.591475025633514e-4,Properati structural
CODIGO_UPZ13,5.54164615337487e-4,6.839058748897868e-4,9.521019481470632e-4,Properati structural
CODIGO_UPZ31,5.362258373907472e-4,0.0036542278797495266,0.001489185098383868,Properati structural
CODIGO_UPZ98,4.832812049265221e-4,0.0015281631568226939,0.0011962306528001563,Properati structural
CODIGO_UPZ17,4.5715133008958575e-4,0.0010345558469486405,6.347346320980421e-4,Properati structural
CODIGO_UPZ20,4.1933267291119716e-4,0.001390505532312433,8.544504662858259e-4,Properati structural
CODIGO_UPZ100,4.167509603305001e-4,0.0029223331548520856,0.001098579170938919,Properati structural
CODIGO_UPZ111,4.1396438823340046e-4,0.004037593597281435,6.591475025633514e-4,Properati structural
parqueadero_inv,4.061301536139553e-4,0.0014464331585640436,0.0017577266735022705,Properati structural
is_residential,3.9013140873911904e-4,0.0018105213038706548,0.0016112494507104144,Properati structural
apartaestudio,3.2007871197548986e-4,0.0016468994016515743,8.056247253552072e-4,Properati structural
CODIGO_UPZ94,3.0346908773352076e-4,0.004746265647686868,0.001098579170938919,Properati structural
CODIGO_UPZ38,2.93401793389365e-4,0.002409475257036365,5.614960207021142e-4,Properati structural
CODIGO_UPZ24,2.8271713127315357e-4,5.87129440079029e-4,5.370831502368048e-4,Properati structural
CODIGO_UPZ33,2.671411811495796e-4,0.002316395669082922,4.8825740930618625e-4,Properati structural
CODIGO_UPZ102,2.6063000746442885e-4,0.0022451193823025475,8.788633367511352e-4,Properati structural
CODIGO_UPZ108,2.5703390794460404e-4,0.003559146057950735,9.765148186123725e-4,Properati structural
CODIGO_UPZ95,2.488115954965778e-4,0.004447727724174338,9.521019481470632e-4,Properati structural
CODIGO_UPZ25,2.4868073940339483e-4,0.001392896339842054,8.056247253552072e-4,Properati structural
CODIGO_UPZ47,2.2429331779577516e-4,0.0017757871339820737,5.614960207021142e-4,Properati structural
CODIGO_UPZ79,2.1432261760173465e-4,0.002771982123322256,7.0797324349397e-4,Properati structural
CODIGO_UPZ12,2.0911177565192634e-4,8.733787208264409e-4,4.638445388408769e-4,Properati structural
CODIGO_UPZ28,1.6866416713992748e-4,0.0012525079058284337,3.6619305697963966e-4,Properati structural
CODIGO_UPZ109,1.6004889077790582e-4,0.001567651957486887,4.394316683755676e-4,Properati structural
CODIGO_UPZ41,1.4692394550476333e-4,0.003226759049052689,6.347346320980421e-4,Properati structural
CODIGO_UPZ101,1.3875477665376451e-4,2.3570771750835632e-4,9.765148186123725e-5,Properati structural
CODIGO_UPZ97,1.342897946533769e-4,0.0024968287800035145,4.8825740930618625e-4,Properati structural
CODIGO_UPZ23,1.340917895037601e-4,6.531761726919028e-4,3.4178018651433037e-4,Properati structural
CODIGO_UPZ44,1.3218234886543296e-4,9.838577748645305e-4,4.394316683755676e-4,Properati structural
CODIGO_UPZ45,1.313278180244173e-4,0.003537537043619803,6.835603730286607e-4,Properati structural
CODIGO_UPZ26,1.1806797129587628e-4,0.0011787328743839177,5.126702797714956e-4,Properati structural
CODIGO_UPZ27,1.136697328266148e-4,0.0012563558646740767,3.90605927444949e-4,Properati structural
CODIGO_UPZ40,1.0776011142652046e-4,0.0016139731787662053,4.150187979102583e-4,Properati structural
CODIGO_UPZ93,1.0334284294038187e-4,0.0012648451203040856,3.4178018651433037e-4,Properati structural
CODIGO_UPZ105,1.0253363202521388e-4,0.0034266154473301808,5.126702797714956e-4,Properati structural
CODIGO_UPZ73,1.0129816455737667e-4,0.002125222813277576,3.90605927444949e-4,Properati structural
CODIGO_UPZ91,9.416636900684782e-5,5.930174107671027e-4,2.197158341877838e-4,Properati structural
CODIGO_UPZ90,8.880005261042249e-5,0.0032995356620028936,5.370831502368048e-4,Properati structural
CODIGO_UPZ75,8.409251702174113e-5,0.0014785822340808675,3.90605927444949e-4,Properati structural
CODIGO_UPZ30,8.164141820812855e-5,0.0022399222092754027,4.8825740930618625e-4,Properati structural
CODIGO_UPZ115,7.742102731343422e-5,0.0013153596992595113,3.6619305697963966e-4,Properati structural
CODIGO_UPZ107,7.725309038175215e-5,2.665021819869523e-4,1.953029637224745e-4,Properati structural
CODIGO_UPZ49,7.34277503727586e-5,0.0027614366652796386,4.150187979102583e-4,Properati structural
CODIGO_UPZ46,6.860918492209495e-5,7.782699147440194e-4,4.150187979102583e-4,Properati structural
CODIGO_UPZ29,6.457000449476308e-5,0.001668400478847986,2.9295444558371175e-4,Properati structural
CODIGO_UPZ37,5.5857837256791286e-5,0.0015865679403115418,4.150187979102583e-4,Properati structural
CODIGO_UPZ71,5.45096090262683e-5,0.001986000100316773,3.6619305697963966e-4,Properati structural
CODIGO_UPZ48,5.296655061256177e-5,0.0016050251903144857,2.4412870465309312e-4,Properati structural
CODIGO_UPZ19,5.2554220392409684e-5,7.155098678772838e-4,2.197158341877838e-4,Properati structural
CODIGO_UPZ43,5.2095907558712035e-5,5.643978795490874e-4,2.197158341877838e-4,Properati structural
CODIGO_UPZ36,5.189219538220434e-5,0.0029472018706455257,4.638445388408769e-4,Properati structural
CODIGO_UPZ42,4.5409650794689154e-5,0.0013209400491142026,2.197158341877838e-4,Properati structural
CODIGO_UPZ96,3.946475363825791e-5,0.0016608556731450284,2.4412870465309312e-4,Properati structural
CODIGO_UPZ112,3.724908946561721e-5,4.8391995205087084e-4,2.197158341877838e-4,Properati structural
CODIGO_UPZ114,2.2586624661019315e-5,1.6187871749658036e-4,9.765148186123725e-5,Properati structural
CODIGO_UPZ72,1.641041488000577e-5,6.516596559518949e-4,1.2206435232654656e-4,Properati structural
CODIGO_UPZ92,1.6343184223967372e-5,4.5575375679784026e-4,1.2206435232654656e-4,Properati structural
CODIGO_UPZ78,1.6037360033173253e-5,9.799396568814494e-4,1.4647722279185587e-4,Properati structural
CODIGO_UPZ9,1.4665941442296597e-5,1.1873084797215429e-7,2.4412870465309312e-5,Properati structural
CODIGO_UPZ39,1.4226994914755584e-5,5.781922453407613e-4,1.2206435232654656e-4,Properati structural
CODIGO_UPZ103,1.1132545036812918e-5,8.286927471351029e-4,1.2206435232654656e-4,Properati structural
CODIGO_UPZ18,1.0178157297855945e-5,1.891436376763678e-4,7.323861139592794e-5,Properati structural
CODIGO_UPZ116,9.156736720083828e-6,6.311138223959861e-4,1.2206435232654656e-4,Properati structural
CODIGO_UPZ65,8.04615806525435e-6,3.17804702024375e-4,4.8825740930618625e-5,Properati structural
CODIGO_UPZ76,4.281240708925131e-6,3.338819382111499e-4,4.8825740930618625e-5,Properati structural
CODIGO_UPZ82,2.720464671982028e-6,1.5139262487794873e-4,2.4412870465309312e-5,Properati structural
CODIGO_UPZ35,1.2988051427398487e-6,1.574425012678026e-4,2.4412870465309312e-5,Properati structural
